well_id,well_name,basin,block,longitude,latitude,depth_m,gr_api,rt_ohmm,rhob_gcc,nphi_vv,ac_usft,cal_in,sp_mv,lithology,formation,interpretation
WELL-SH-001,石化-示例井1,塔里木盆地,塔中北坡,83.6721,40.2154,1200,78,18.6,2.42,0.22,78.4,8.6,-42,粉砂岩,目的层A,含油气显示
WELL-SH-001,石化-示例井1,塔里木盆地,塔中北坡,83.6721,40.2154,1210,82,21.3,2.39,0.24,80.1,8.5,-45,粉砂岩,目的层A,含油气显示
WELL-SH-001,石化-示例井1,塔里木盆地,塔中北坡,83.6721,40.2154,1220,95,8.9,2.55,0.18,74.2,8.4,-38,泥质粉砂岩,目的层A,致密层
WELL-SH-001,石化-示例井1,塔里木盆地,塔中北坡,83.6721,40.2154,1230,64,35.1,2.32,0.27,84.6,8.7,-51,细砂岩,目的层B,优质储层
WELL-SH-001,石化-示例井1,塔里木盆地,塔中北坡,83.6721,40.2154,1240,58,42.7,2.28,0.29,86.2,8.8,-53,细砂岩,目的层B,优质储层
WELL-SH-002,石化-示例井2,鄂尔多斯盆地,陕北斜坡,108.9462,38.1743,1560,112,6.2,2.61,0.13,69.5,8.3,-31,泥岩,目的层C,盖层
WELL-SH-002,石化-示例井2,鄂尔多斯盆地,陕北斜坡,108.9462,38.1743,1570,88,14.8,2.47,0.20,76.1,8.5,-37,粉砂岩,目的层C,差储层
WELL-SH-002,石化-示例井2,鄂尔多斯盆地,陕北斜坡,108.9462,38.1743,1580,71,28.4,2.35,0.25,82.8,8.6,-48,细砂岩,目的层D,含油气显示
WELL-SH-002,石化-示例井2,鄂尔多斯盆地,陕北斜坡,108.9462,38.1743,1590,63,33.9,2.31,0.28,85.4,8.7,-50,细砂岩,目的层D,优质储层
WELL-SH-003,石化-示例井3,四川盆地,川中隆起,105.8841,30.6549,2320,49,58.2,2.67,0.08,62.3,8.2,-22,白云岩,目的层E,裂缝性储层
WELL-SH-003,石化-示例井3,四川盆地,川中隆起,105.8841,30.6549,2330,52,61.8,2.64,0.09,63.1,8.2,-24,白云岩,目的层E,裂缝性储层
WELL-SH-003,石化-示例井3,四川盆地,川中隆起,105.8841,30.6549,2340,76,19.5,2.56,0.16,70.9,8.4,-29,灰质白云岩,目的层E,一般储层
